pays,url
Burkina Faso,https://burkina24.com/category/actualite/politique/feed/
Burkina Faso,https://burkina24.com/category/actualite/economie/feed/
Burkina Faso,https://burkina24.com/category/actualite/sports/feed/
Burkina Faso,https://lefaso.net/spip.php?page=backend&id_rubrique=4
Burkina Faso,https://lefaso.net/spip.php?page=backend&id_rubrique=18
Burkina Faso,https://lefaso.net/spip.php?page=backend&id_rubrique=7
Burkina Faso,https://www.rfi.fr/fr/tag/burkina-faso/rss
Senegal,https://fr.allafrica.com/tools/headlines/rdf/senegal/headlines.rdf
Senegal,https://www.rfi.fr/fr/tag/sénégal/rss
Mali,https://fr.allafrica.com/tools/headlines/rdf/mali/headlines.rdf
Mali,https://www.rfi.fr/fr/tag/mali/rss
Côte d'Ivoire,https://fr.allafrica.com/tools/headlines/rdf/cotedivoire/headlines.rdf
Côte d'Ivoire,https://www.rfi.fr/fr/tag/côte-d-ivoire/rss
Monde,https://www.rfi.fr/fr/monde/rss
Monde,https://www.france24.com/fr/afrique/rss
Monde,https://fr.africanews.com/feed/rss?themes=news
Monde,https://www.actuia.com/feed/
Monde,https://www.lemondeinformatique.fr/flux-rss/intelligence-artificielle/rss.xml
Monde,https://www.01net.com/actualites/intelligence-artificielle/feed/
Monde,https://www.clubic.com/feed/technologies-d-avenir/intelligence-artificielle/rss
Burkina Faso,https://www.sidwaya.info/feed/
Burkina Faso,https://lepays.bf/feed/
Burkina Faso,https://burkina24.com/feed/
Monde,https://feeds.bbci.co.uk/afrique/rss.xml
Mali,https://www.maliweb.net/rss/latest-posts
Côte d'Ivoire,https://news.abidjan.net/rss/politique.xml
Côte d'Ivoire,https://news.abidjan.net/rss/economie.xml
